polityka,https://pl.wikipedia.org/wiki/Andrzej_Duda
kulinaria,https://pl.wikipedia.org/wiki/Magda_Gessler
kulinaria,https://pl.wikipedia.org/wiki/Anna_Starmach
aktorzy,https://pl.wikipedia.org/wiki/Cezary_Pazura
aktorzy,https://pl.wikipedia.org/wiki/Scarlett_Johansson
sport,https://pl.wikipedia.org/wiki/Robert_Lewandowski
sport,https://pl.wikipedia.org/wiki/Kamil_Stoch
sport,https://pl.wikipedia.org/wiki/Adam_Ma%C5%82ysz
telewizja,https://pl.wikipedia.org/wiki/Magda_Mo%C5%82ek
film,https://pl.wikipedia.org/wiki/Andrzej_Wajda
,https://pl.wikipedia.org/wiki/Agnieszka_Holland
technologie,https://pl.wikipedia.org/wiki/Bill_Gates
sport,https://pl.wikipedia.org/wiki/Justyna_Kowalczyk
technologie,https://pl.wikipedia.org/wiki/Mark_Zuckerberg
biznes,https://pl.wikipedia.org/wiki/Jan_Kulczyk
polityka,https://pl.wikipedia.org/wiki/Donald_Tusk
biznes,https://blog.home.pl/2017/07/trudno-byc-dobrym-przedsiebiorca-bedac-zadufanym-w-sobie-i-aroganckim-wywiad-z-solange-olszewska-prezesem-solaris-bus-coach/
sport,https://pl.wikipedia.org/wiki/Jerzy_Dudek
polityka,https://wiadomosci.onet.pl/kraj/zbigniew-ziobro-kazda-obrona-przed-napascia-powinna-byc-zgodna-z-prawem/smqryr0
polityka,https://pl.wikipedia.org/wiki/Jaros%C5%82aw_Kaczy%C5%84ski
sport,https://pl.wikipedia.org/wiki/Marcin_Gortat
sport,https://pl.wikipedia.org/wiki/Andrzej_Go%C5%82ota
biznes,https://pl.wikipedia.org/wiki/Zygmunt_Solorz-%C5%BBak
polityka,https://pl.wikipedia.org/wiki/Hillary_Clinton
polityka,https://pl.wikipedia.org/wiki/Ronald_Reagan
polityka,https://pl.wikipedia.org/wiki/Margaret_Thatcher
polityka,https://pl.wikipedia.org/wiki/James_Callaghan
kulinaria,https://pl.wikipedia.org/wiki/Robert_Mak%C5%82owicz
polityka,https://pl.wikipedia.org/wiki/Harold_Wilson
polityka,https://pl.wikipedia.org/wiki/J%C3%B3zef_Oleksy
kulinaria,https://pl.wikipedia.org/wiki/Wojciech_Modest_Amaro
sport,https://pl.wikipedia.org/wiki/Marit_Bj%C3%B8rgen
sport,https://pl.wikipedia.org/wiki/Jakub_B%C5%82aszczykowski
kulinaria,https://www.kuchnia-domowa.pl/przepisy/dania-glowne/468-makaron-z-bobem
sport,https://pl.wikipedia.org/wiki/Anita_W%C5%82odarczyk
sport,https://pl.wikipedia.org/wiki/Bartosz_Kurek
kulinaria,http://whiteplate.com/2018/04/latwe-buleczki-ziolowe/
kulinaria,http://allegro.pl/kielkownica-kielki-gratis-naczynie-do-kielkowania-i6241850803.html
sport,https://pl.wikipedia.org/wiki/Mike_Tyson
sport,https://pl.wikipedia.org/wiki/Agnieszka_Radwa%C5%84ska
motoryzacja,https://moto.onet.pl/aktualnosci/nowa-skoda-dla-chin-premiera-za-kilka-dni/mszmltt
motoryzacja,https://typcharakterny.onet.pl/artykul/najbezpieczniejszy-crossover-na-swiecie
sport,https://pl.wikipedia.org/wiki/Piotr_%C5%BBy%C5%82a
sport,https://pl.wikipedia.org/wiki/Adam_Ma%C5%82ysz
motoryzacja,http://allegro.pl/audi-q7-3-0tdi-navi-xenon-4xklima-dopoprawek-tanio-i7292995405.html
motoryzacja,http://allegro.pl/mercedes-gle43-coupe-amg-salonpl-odstapie-leasing-i7295204120.html
sport,https://pl.wikipedia.org/wiki/Robert_Kubica
sport,https://pl.wikipedia.org/wiki/Micha%C5%82_Kwiatkowski_(kolarz)
technologie,https://pl.wikipedia.org/wiki/Steve_Jobs
biznes,https://pl.wikipedia.org/wiki/Steve_Jobs
polityka,https://pl.wikipedia.org/wiki/Krystyna_Paw%C5%82owicz
aktorzy,https://pl.wikipedia.org/wiki/Piotr_Adamczyk
polityka,https://pl.wikipedia.org/wiki/Antoni_Macierewicz
polityka,https://pl.wikipedia.org/wiki/Beata_Szyd%C5%82o
aktorzy,https://pl.wikipedia.org/wiki/Joanna_Kulig
polityka,https://pl.wikipedia.org/wiki/Mateusz_Morawiecki
polityka,https://pl.wikipedia.org/wiki/Mariusz_B%C5%82aszczak
polityka,https://pl.wikipedia.org/wiki/Angela_Merkel
polityka,https://pl.wikipedia.org/wiki/Donald_Trump
biznes,https://pl.wikipedia.org/wiki/Jan_Kulczyk
kulinaria,https://pl.wikipedia.org/wiki/Gordon_Ramsay
kulinaria,https://www.mojegotowanie.pl/przepis/dorsz-zapiekany-z-szynka-parmenska
kulinaria,https://www.mojegotowanie.pl/przepis/tarta-tatin-z-ananasem
polityka,https://pl.wikipedia.org/wiki/Jaros%C5%82aw_Gowin
kulinaria,https://pl.wikipedia.org/wiki/McDonald%E2%80%99s
biznes,https://pl.wikipedia.org/wiki/McDonald%E2%80%99s
podróże,https://pl.wikipedia.org/wiki/Hongkong
aktorzy,https://pl.wikipedia.org/wiki/Tom_Hardy
podróże,https://pl.wikipedia.org/wiki/Malediwy
aktorzy,https://pl.wikipedia.org/wiki/Julia_Roberts
nauka,https://wiadomosci.onet.pl/nauka/najwieksze-odkrycia-nauki-2017-roku/hm131qe
podróże,https://pl.wikipedia.org/wiki/Po%C5%82udniowa_Afryka
aktorzy,https://pl.wikipedia.org/wiki/Tommy_Lee_Jones
sztuka,https://pl.wikipedia.org/wiki/Leonardo_da_Vinci
aktorzy,https://pl.wikipedia.org/wiki/Leonardo_DiCaprio
nauka,http://www.geekweek.pl/aktualnosci/20949/odkrycie-naukowe-dzieki-interstellar
sztuka,https://pl.wikipedia.org/wiki/Mona_Lisa
sztuka,https://pl.wikipedia.org/wiki/Pablo_Picasso
aktorzy,https://pl.wikipedia.org/wiki/Sylvester_Stallone
aktorzy ,https://pl.wikipedia.org/wiki/Tom_Hanks
film,https://pl.wikipedia.org/wiki/Steven_Spielberg
sztuka,https://pl.wikipedia.org/wiki/Vincent_van_Gogh
sztuka,https://pl.wikipedia.org/wiki/El_Greco
sztuka,https://pl.wikipedia.org/wiki/Stanis%C5%82aw_Wyspia%C5%84ski
film,https://pl.wikipedia.org/wiki/Ma%C5%82gorzata_Szumowska
film,https://pl.wikipedia.org/wiki/Patryk_Vega
sztuka,https://pl.wikipedia.org/wiki/Mariusz_Treli%C5%84ski
aktorzy,https://pl.wikipedia.org/wiki/Jean-Claude_Van_Damme
aktorzy,https://pl.wikipedia.org/wiki/Katarzyna_Warnke
nauka,http://www.geekweek.pl/aktualnosci/32641/zagadkowy-sygnal-z-glebi-kosmosu-pomoze-odkryc-tajemnice-ciemnej-materii/66
nauka,http://www.geekweek.pl/aktualnosci/31396/w-chinach-powstaje-najwiekszy-na-swiecie-system-inwigilacyjny
podróże,http://podroze.onet.pl/ciekawe/10-ciekawostek-o-wyspach-bahama/cpceqh
podróże,http://podroze.onet.pl/aktualnosci/nietypowe-zwiedzanie-muzeow-watykanskich-w-nocy-i-o-swicie/q5bz90
telewizja,https://pl.wikipedia.org/wiki/TVP1
telewizja,https://pl.wikipedia.org/wiki/Polsat
telewizja,https://pl.wikipedia.org/wiki/TVN
podróże,https://pl.wikipedia.org/wiki/Niemcy
biznes,https://pl.wikipedia.org/wiki/Og%C3%B3lne_rozporz%C4%85dzenie_o_ochronie_danych
biznes,https://freshmail.pl/blog/rodo-czy-jest-sie-czego-obawiac-p3/
biznes,https://businessinsider.com.pl/finanse/co-to-jest-fintech-jak-wygladaja-finanse-w-internecie/08f7r1j
technologie,https://businessinsider.com.pl/finanse/co-to-jest-fintech-jak-wygladaja-finanse-w-internecie/08f7r1j
polityka,https://businessinsider.com.pl/finanse/odprawa-dla-jaroslawa-kaczynskiego/v6fcnby
polityka,https://pl.wikipedia.org/wiki/Ryszard_Petru
biznes,https://businessinsider.com.pl/gielda/wiadomosci/kurs-akcji-idea-banku-spada-problem-z-getbackiem/mk6smrd
sport,"http://www.sport.pl/plywanie/7,64995,23295899,michael-phelps-wyznal-ze-mial-mysli-samobojcze-nie-chcialem.html#Z_BoxSportCz"
sport,"http://www.sport.pl/tenis/7,107387,22100201,wzruszony-janusz-kubot-dla-sport-pl-to-jest-wielkosc-lukasza.html"
polityka,https://pl.wikipedia.org/wiki/W%C5%82adimir_Putin
aktorzy,https://pl.wikipedia.org/wiki/Clint_Eastwood
aktorzy,https://pl.wikipedia.org/wiki/George_Clooney
aktorzy,https://pl.wikipedia.org/wiki/Marcin_Doroci%C5%84ski
aktorzy,https://pl.wikipedia.org/wiki/Brad_Pitt
politycy,https://pl.wikipedia.org/wiki/Grzegorz_Schetyna
politycy,https://pl.wikipedia.org/wiki/Hanna_Gronkiewicz-Waltz
politycy,https://pl.wikipedia.org/wiki/Viktor_Orb%C3%A1n
muzyka,https://pl.wikipedia.org/wiki/Garou
muzyka,https://pl.wikipedia.org/wiki/Budka_Suflera
muzyka,https://pl.wikipedia.org/wiki/Lady_Pank
muzyka,https://pl.wikipedia.org/wiki/Kamil_Bednarek
muzyka,https://pl.wikipedia.org/wiki/Bryan_Adams
muzyka,https://pl.wikipedia.org/wiki/Rihanna
sport,"http://www.sport.pl/siatkowka/7,64948,23289932,siatkowka-mile-zlego-poczatki-we-wloskim-pojedynku-gora-andrea.html"
sport,"http://www.sport.pl/siatkowka/7,64948,23289932,siatkowka-mile-zlego-poczatki-we-wloskim-pojedynku-gora-andrea.html"
sport,"http://www.sport.pl/siatkowka/7,64948,23289440,siatkowka-znamy-sklad-reprezentacji-polski-kobiet-brak-w-niej.html"
muzyka,https://pl.wikipedia.org/wiki/Beyonc%C3%A9_Knowles
muzyka,https://pl.wikipedia.org/wiki/Zbigniew_Wodecki
muzyka,https://pl.wikipedia.org/wiki/The_Rolling_Stones
muzyka,https://pl.wikipedia.org/wiki/Edyta_G%C3%B3rniak
muzyka,https://pl.wikipedia.org/wiki/Disco_polo
polityka,https://wiadomosci.onet.pl/swiat/abraham-foxman-wczorajsze-wystapienie-andrzeja-dudy-bylo-duza-wpadka/f30ys3h
technologie,https://docs.microsoft.com/en-us/azure/
technologie,https://pl.wikipedia.org/wiki/.Net_Framework
technologie,https://pl.wikipedia.org/wiki/Linux
biznes,https://pl.wikipedia.org/wiki/IBM
technologie,https://pl.wikipedia.org/wiki/IBM
technologie,https://pl.wikipedia.org/wiki/Otwarte_oprogramowanie
nauka,https://pl.wikipedia.org/wiki/Donald_Knuth
muzyka,https://pl.wikipedia.org/wiki/Rihanna
muzyka,https://pl.wikipedia.org/wiki/Chris_Brown_(piosenkarz)
muzyka,https://pl.wikipedia.org/wiki/Marek_Grechuta
muzyka,https://pl.wikipedia.org/wiki/Anna_Sza%C5%82apak
muzyka,https://pl.wikipedia.org/wiki/Leszek_Mo%C5%BCd%C5%BCer
telewizja,https://pl.wikipedia.org/wiki/Wojciech_Cejrowski
biznes,https://pl.wikipedia.org/wiki/Amazon.com
nauka,https://pl.wikipedia.org/wiki/Albert_Einstein
telewizja,https://pl.wikipedia.org/wiki/Gra%C5%BCyna_Torbicka
nauka,https://pl.wikipedia.org/wiki/Max_Planck
biznes,https://pl.wikipedia.org/wiki/Elon_Musk
biznes,https://pl.wikipedia.org/wiki/Micha%C5%82_So%C5%82owow
muzyka,https://pl.wikipedia.org/wiki/K%C4%99K%C4%99
muzyka,https://pl.wikipedia.org/wiki/Peja_(raper)
biznes,https://pl.wikipedia.org/wiki/Leszek_Czarnecki
telewizja,https://pl.wikipedia.org/wiki/Mam_talent!
muzyka,https://pl.wikipedia.org/wiki/Mateusz_Zi%C3%B3%C5%82ko
nauka,http://cezary.madryas.pwr.edu.pl/
kulinaria,https://pl.wikipedia.org/wiki/Mateusz_Gessler
kulinaria,https://pl.wikipedia.org/wiki/Wojciech_Modest_Amaro
podróże,https://pl.wikipedia.org/wiki/Kongo
podróże,https://pl.wikipedia.org/wiki/Norwegia
podróże,https://pl.wikipedia.org/wiki/Indie
polityka,https://pl.wikipedia.org/wiki/Bart%C5%82omiej_Misiewicz
podróże,https://pl.wikipedia.org/wiki/Tad%C5%BA_Mahal
polityka,https://pl.wikipedia.org/wiki/Lech_Wa%C5%82%C4%99sa
polityka,https://pl.wikipedia.org/wiki/George_W._Bush
polityka,https://pl.wikipedia.org/wiki/Che_Guevara
polityka,https://pl.wikipedia.org/wiki/Bronis%C5%82aw_Komorowski
kulinaria,"http://www.styl.pl/kuchnia/news-dania-ubogie-w-kalorie,nId,388583"
polityka,https://pl.wikipedia.org/wiki/Fidel_Castro
kulinaria,"http://kobieta.interia.pl/zdrowie/news-dobroczynny-skladnik-ukryty-w-smacznej-wanilli,nId,2570745"
technologie,"http://mobtech.interia.pl/news-honor-10-oficjalnie-to-tanszy-huawei-p20,nId,2571670"
polityka,https://pl.wikipedia.org/wiki/Jacek_Kurski
polityka,https://pl.wikipedia.org/wiki/Andrzej_Lepper
podróże,https://pl.wikipedia.org/wiki/Martyna_Wojciechowska
podróże,https://pl.wikipedia.org/wiki/Beata_Pawlikowska
technologie,http://mobtech.interia.pl/systemy-operacyjne/android
podróże,https://pl.wikipedia.org/wiki/Adam_Bielecki_(wspinacz)
podróże,https://pl.wikipedia.org/wiki/Krzysztof_Wielicki
muzyka,https://pl.wikipedia.org/wiki/Wojciech_G%C4%85ssowski
podróże,https://pl.wikipedia.org/wiki/Aleksander_Doba
podróże,https://pl.wikipedia.org/wiki/Denis_Urubko
podróże,https://pl.wikipedia.org/wiki/Jaros%C5%82aw_Ku%C5%BAniar
biznes,https://pl.wikipedia.org/wiki/Rafa%C5%82_Sonik
film,https://pl.wikipedia.org/wiki/Andrzej_Wajda
film,https://pl.wikipedia.org/wiki/Titanic_(film_1997)
telewizja,https://pl.wikipedia.org/wiki/Marcin_Prokop
telewizja,https://pl.wikipedia.org/wiki/Monika_Olejnik
polityka,https://pl.wikipedia.org/wiki/Wojciech_Jaruzelski
kulinaria,https://kulinaria.trojmiasto.pl/Trojmiejscy-szefowi-wygrali-n106775.html
film,https://pl.wikipedia.org/wiki/George_Lucas
film,https://pl.wikipedia.org/wiki/Quentin_Tarantino
film,https://pl.wikipedia.org/wiki/Kill_Bill
film,https://pl.wikipedia.org/wiki/B%C4%99karty_wojny
film,https://pl.wikipedia.org/wiki/Pi%C4%99kny_umys%C5%82
film,https://pl.wikipedia.org/wiki/Woody_Allen
polityka,https://pl.wikipedia.org/wiki/Janusz_Korwin-Mikke
architektura,https://pl.wikipedia.org/wiki/Wie%C5%BCa_Eiffla
architektura,https://pl.wikipedia.org/wiki/Sky_Tower
architektura,https://pl.wikipedia.org/wiki/World_Trade_Center_(1973%E2%80%932001)
architektura,https://pl.wikipedia.org/wiki/Krzywa_Wie%C5%BCa_w_Pizie
architektura,https://pl.wikipedia.org/wiki/Koloseum
architektura,https://pl.wikipedia.org/wiki/Pa%C5%82ac_Kultury_i_Nauki
telewizja,https://pl.wikipedia.org/wiki/Grzegorz_Miecugow
telewizja,https://pl.wikipedia.org/wiki/Maciej_Or%C5%82o%C5%9B
telewizja,https://pl.wikipedia.org/wiki/Filip_Chajzer
telewizja,https://pl.wikipedia.org/wiki/Rafa%C5%82_Mroczek
telewizja,https://pl.wikipedia.org/wiki/Zygmunt_Chajzer
telewizja,https://pl.wikipedia.org/wiki/Krzysztof_Ibisz
polityka,https://pl.wikipedia.org/wiki/Jan_Kulas
muzyka,https://pl.wikipedia.org/wiki/Grzegorz_Ciechowski
muzyka,https://pl.wikipedia.org/wiki/Justyna_Steczkowska
muzyka,https://pl.wikipedia.org/wiki/Grubson
technologie,https://pl.wikipedia.org/wiki/SpaceX
aktorzy,https://pl.wikipedia.org/wiki/Colin_Farrell
aktorzy,https://pl.wikipedia.org/wiki/Krystyna_Janda
film,https://pl.wikipedia.org/wiki/Cz%C5%82owiek_z_%C5%BCelaza
aktorzy,https://pl.wikipedia.org/wiki/Ryan_Gosling
aktorzy,https://pl.wikipedia.org/wiki/Vivien_Leigh
aktorzy,https://pl.wikipedia.org/wiki/Clark_Gable
motoryzacja,https://pl.wikipedia.org/wiki/Olej_nap%C4%99dowy
motoryzacja,https://pl.wikipedia.org/wiki/Audi
motoryzacja,https://pl.wikipedia.org/wiki/BMW
muzyka,https://pl.wikipedia.org/wiki/O.S.T.R.
architektura,https://pl.wikipedia.org/wiki/Burd%C5%BC_Chalifa
architektura,https://pl.wikipedia.org/wiki/Burd%C5%BC_al-Arab
architektura,https://pl.wikipedia.org/wiki/Statua_Wolno%C5%9Bci
architektura,https://pl.wikipedia.org/wiki/Sydney_Opera_House
architektura,https://pl.wikipedia.org/wiki/Tad%C5%BA_Mahal
architektura,https://pl.wikipedia.org/wiki/Big_Ben
architektura,https://pl.wikipedia.org/wiki/Katedra_Notre-Dame_w_Pary%C5%BCu
architektura,https://pl.wikipedia.org/wiki/Brama_Brandenburska
architektura,https://pl.wikipedia.org/wiki/Sagrada_Fam%C3%ADlia
architektura,https://pl.wikipedia.org/wiki/Petronas_Towers
architektura,https://pl.wikipedia.org/wiki/London_Eye
architektura,https://pl.wikipedia.org/wiki/Piramida_Cheopsa
architektura,https://pl.wikipedia.org/wiki/Hala_Stulecia_we_Wroc%C5%82awiu
architektura,https://pl.wikipedia.org/wiki/Stonehenge
architektura,https://pl.wikipedia.org/wiki/Bia%C5%82y_Dom
architektura,https://pl.wikipedia.org/wiki/%C5%81azienki_Kr%C3%B3lewskie_w_Warszawie
architektura,https://pl.wikipedia.org/wiki/Maracan%C3%A3
architektura,https://pl.wikipedia.org/wiki/Pa%C5%82ac_w_Mosznej
architektura,https://pl.wikipedia.org/wiki/Sukiennice
podróże,https://pl.wikipedia.org/wiki/Polska
podróże,https://pl.wikipedia.org/wiki/Mazury
podróże,http://www.national-geographic.pl/traveler/kierunki/bieszczady
podróże,http://www.national-geographic.pl/aktualnosci/pulapka-doskonalosci
podróże,http://www.national-geographic.pl/traveler/kierunki/dunaj-chwyta-za-serce
podróże,https://pl.wikivoyage.org/wiki/Serbia
muzyka,http://www.radiozet.pl/Muzyka
muzyka,http://www.radiozet.pl/Muzyka/Mariah-Carey-oskarzona-o-molestowanie-seksualne-przez-byla-menadzerke-Stella-Bulochnikov
polityka,"http://biznes.interia.pl/wiadomosci/news/buzek-w-europie-zmienia-sie-nastroj-dot-nord-stream-2-to,2565158,4199"
podróże,https://duze-podroze.pl/parque-das-nacoes-i-oceanarium-w-lizbonie/?bp
podróże,https://duze-podroze.pl/pociagiem-po-wloszech/?bp
podróże,https://duze-podroze.pl/co-zobaczyc-w-barcelonie/?bp
muzyka,https://pl.wikipedia.org/wiki/Luis_Fonsi
muzyka,https://pl.wikipedia.org/wiki/Christina_Aguilera
muzyka,https://pl.wikipedia.org/wiki/The_Rasmus
aktorzy,https://pl.wikipedia.org/wiki/Bogus%C5%82aw_Linda
aktorzy,https://pl.wikipedia.org/wiki/Marek_Kondrat
aktorzy,https://pl.wikipedia.org/wiki/Krystyna_Janda
aktorzy,https://pl.wikipedia.org/wiki/Piotr_Stramowski
aktorzy,https://pl.wikipedia.org/wiki/Artur_%C5%BBmijewski_(aktor)
aktorzy,https://pl.wikipedia.org/wiki/Jack_Nicholson
aktorzy,https://pl.wikipedia.org/wiki/David_Duchovny
aktorzy,https://pl.wikipedia.org/wiki/Liam_Neeson
aktorzy,https://pl.wikipedia.org/wiki/Andrzej_Chyra
aktorzy,https://pl.wikipedia.org/wiki/Andrzej_Grabowski_(aktor)
film,http://www.filmweb.pl/Przeminelo.Z.Wiatrem
film,http://www.filmweb.pl/film/Stuart+Malutki-1999-860
muzyka,https://pl.wikipedia.org/wiki/Rod_Stewart
sport,https://pl.wikipedia.org/wiki/Robert_Kubica
sport,https://pl.wikipedia.org/wiki/Jerzy_Janowicz
sport,https://pl.wikipedia.org/wiki/Justyna_Kowalczyk
sport,https://pl.wikipedia.org/wiki/Otylia_J%C4%99drzejczak
technologie,https://niebezpiecznik.pl/post/author/pk/
technologie,https://niebezpiecznik.pl/post/masz-wordpressa-przeczytaj/
sztuka,https://pl.wikipedia.org/wiki/Agnieszka_Osiecka
sztuka,https://pl.wikipedia.org/wiki/Maria_Pawlikowska-Jasnorzewska
sztuka,https://pl.wikipedia.org/wiki/Wojciech_Kossak
sztuka,https://pl.wikipedia.org/wiki/Adam_Mickiewicz
sztuka,https://pl.wikipedia.org/wiki/Zbigniew_Herbert
sztuka,https://pl.wikipedia.org/wiki/Zofia_Na%C5%82kowska
polityka,https://pl.wikipedia.org/wiki/Miguel_D%C3%ADaz-Canel
polityka,https://pl.wikipedia.org/wiki/Prawo_i_Sprawiedliwo%C5%9B%C4%87
polityka,https://pl.wikipedia.org/wiki/Niezale%C5%BCny_Samorz%C4%85dny_Zwi%C4%85zek_Zawodowy_%E2%80%9ESolidarno%C5%9B%C4%87%E2%80%9D
technologie,https://www.cda.pl/gry-online
polityka,"http://fakty.interia.pl/new-york-times/news-slowo-ktore-moze-pomoc-swiatu-uniknac-wojny-nuklearnej,nId,2571185"
polityka,"http://fakty.interia.pl/new-york-times/news-angela-merkel-nie-jest-przywodca-wolnego-swiata,nId,2570005?parametr=zobacz_takze"
muzyka,https://pl.wikipedia.org/wiki/Michael_Jackson
motoryzacja,https://pl.wikipedia.org/wiki/Fiat
motoryzacja,https://pl.wikipedia.org/wiki/Solaris_Bus_%26_Coach
motoryzacja,https://pl.wikipedia.org/wiki/Porsche
motoryzacja,https://pl.wikipedia.org/wiki/Samoch%C3%B3d_hybrydowy
motoryzacja,https://pl.wikipedia.org/wiki/Silnik_o_zap%C5%82onie_iskrowym
telewizja,https://pl.wikipedia.org/wiki/Robert_Janowski
telewizja,https://pl.wikipedia.org/wiki/Jaros%C5%82aw_Kret
telewizja,https://pl.wikipedia.org/wiki/Mateusz_Borek
telewizja,https://pl.wikipedia.org/wiki/Dariusz_Szpakowski
telewizja,https://pl.wikipedia.org/wiki/Kuba_Wojew%C3%B3dzki
telewizja,https://pl.wikipedia.org/wiki/Hubert_Urba%C5%84ski
telewizja,https://pl.wikipedia.org/wiki/Piotr_Kra%C5%9Bko
muzyka,https://pl.wikipedia.org/wiki/Sting
aktorzy,https://pl.wikipedia.org/wiki/Danuta_Stenka
technologie,https://pl.wikipedia.org/wiki/Big_data
technologie,https://pl.wikipedia.org/wiki/In%C5%BCynieria_kwantowa
technologie,https://pl.wikipedia.org/wiki/Robotyka
technologie,https://pl.wikipedia.org/wiki/Telekomunikacja
technologie,https://pl.wikipedia.org/wiki/Astronautyka
technologie,https://pl.wikipedia.org/wiki/Fizyka_j%C4%85drowa
sport,https://pl.wikipedia.org/wiki/Marcin_Gortat
sport,https://pl.wikipedia.org/wiki/Anita_W%C5%82odarczyk
sport,https://pl.wikipedia.org/wiki/Lewis_Hamilton
sport,https://pl.wikipedia.org/wiki/Rafael_Nadal